5,Административный район,Водный объект,населенный пункт,,,,"Уровень, см",,"Уровень, см",,"Уровень, см",,"Уровень, см",,"Уровень, см",,"Уровень, см",,"Уровень, см",,"Уровень, см",,"Уровень, см",,"Уровень, см",,"Уровень, см",,"Уровень, см",,"Уровень, см",,"Уровень, см",,"Уровень, см",,"Уровень, см",,"Уровень, см",,"Уровень, см",,"Уровень, см",,"Уровень, см",,"Уровень, см",,"Уровень, см",,"Уровень, см",,"Уровень, см",,"Уровень, см",,"Уровень, см",,"Уровень, см",,"Уровень, см",,"Уровень, см",,"Уровень, см",,"Уровень, см",,"Уровень, см",,"Уровень, см",,"Уровень, см",,"Уровень, см",,"Уровень, см",,"Уровень, см",,"Уровень, см",,"Уровень, см",,"Уровень, см",,"Уровень, см",,"Уровень, см",,"Уровень, см",,"Уровень, см",,"Уровень, см",,"Уровень, см",,"Уровень, см",,"Уровень, см",,"Уровень, см",,"Уровень, см",,"Уровень, см",,"Уровень, см",,"Уровень, см",
,,,,"Значения НЯ, ОЯ* ",,"""0"" поста, см",17.04.2020,,18.04.2020,,19.04.2020,,20.04.2020,,21.04.2020,,22.04.2020,,23.04.2020,,24.04.2020,,25.04.2020,,26.04.2020,,27.04.2020,,28.04.2020,,29.04.2020,,30.04.2020,,01.05.2020,,02.05.2020,,03.05.2020,,04.05.2020,,05.05.2020,,06.05.2020,,07.05.2020,,08.05.2020,,09.05.2020,,10.05.2020,,11.05.2020,,12.05.2020,,13.05.2020,,14.05.2020,,15.05.2020,,16.05.2020,,17.05.2020,,18.05.2020,,19.05.2020,,20.05.2020,,21.05.2020,,22.05.2020,,23.05.2020,,24.05.2020,,25.05.2020,,26.05.2020,,27.05.2020,,28.05.2020,,29.05.2020,,30.05.2020,,31.05.2020,,01.06.2020,,02.06.2020,,03.06.2020,,04.06.2020,,05.06.2020,,06.06.2020,,07.06.2020,,08.06.2020,
,,,,,,,Утро,Вечер,Утро,Вечер,Утро,30,Утро,Вечер,Утро,Вечер,Утро,Вечер,Утро,Вечер,Утро,Вечер,Утро,вечер,Утро,Вечер,Утро,Вечер,Утро,Вечер,Утро,Вечер,Утро,Вечер,Утро,Вечер,Утро,Вечер,Утро,Вечер,Утро,Вечер,Утро,Вечер,Утро,Вечер,Утро,Вечер,Утро,Вечер,Утро,Вечер,Утро,Вечер,Утро,Вечер,Утро,Вечер,Утро,Вечер,Утро,Вечер,Утро,Вечер,Утро,Вечер,Утро,Вечер,Утро,Вечер,Утро,Вечер,Утро,Вечер,Утро,Вечер,Утро,Вечер,Утро,Вечер,Утро,Вечер,Утро,Вечер,Утро,Вечер,Утро,Вечер,Утро,Вечер,Утро,Вечер,Утро,Вечер,Утро,Вечер,Утро,Вечер,Утро,Вечер,Утро,Вечер,Утро,Вечер,Утро,Вечер,Утро,Вечер,Утро,Вечер,Утро,Вечер
,,,,"НЯ от ""0"" графика поста, см","ОЯ от ""0"" графика поста, см",,на  8-00,на 18-00,на  8-00,на 18-00,на  8-00,на 18-00,на  8-00,на 18-00,на  8-00,на 18-00,на  8-00,на 18-00,на  8-00,на 18-00,на  8-00,на 18-00,на  8-00,на 18-00,на  8-00,на 18-00,на  8-00,на 18-00,на  8-00,на 18-00,на  8-00,на 18-00,на  8-00,на 18-00,на  8-00,на 18-00,на  8-00,на 18-00,на  8-00,на 18-00,на  8-00,на 18-00,на  8-00,на 18-00,на  8-00,на 18-00,на  8-00,на 18-00,на  8-00,на 18-00,на  8-00,на 18-00,на  8-00,на 18-00,на  8-00,на 18-00,на  8-00,на 18-00,на  8-00,на 18-00,на  8-00,на 18-00,на  8-00,на 18-00,на  8-00,на 18-00,на  8-00,на 18-00,на  8-00,на 18-00,на  8-00,на 18-00,на  8-00,на 18-00,на  8-00,на 18-00,на  8-00,на 18-00,на  8-00,на 18-00,на  8-00,на 18-00,на  8-00,на 18-00,на  8-00,на 18-00,на  8-00,на 18-00,на  8-00,на 18-00,на  8-00,на 18-00,на  8-00,на 18-00,на  8-00,на 18-00,на 8-00,на 18-00,на  8-00,на 18-00,на 8-00,на 18-00,на 8-00,на 18-00,на 8-00,на 18-00,на 8-00,на 18-00,на 8-00,на 18-00,на 8-00,на 18-00
1,Александровский МО,ГТС АМЗ р. Лытва,г. Александровск,17600,17615,17410,17445,17455,17460,17460,17465,17475,17480,17480,17480,17480,17480,17485,17510,17535,17545,17540,17520,17500,17480,17465,17460,17480,17500,17520,17535,17540,17545,17555,17560,17570,17570,17560,17540,17535,17515,17500,17490,17485,17490,17520,17565,17575,17585,17585,17585,17575,17570,17550,17545,17525,17500,17495,17470,17470,17465,17465,17465,17465,17465,17465,17465,17465,17455,17450,17450,17460,17460,17465,17475,17480,17490,17490,17495,17500,17500,17510,17510,17520,17530,17545,17550,17550,17550,17545,17545,17545,17525,17530,17525,17520,17525,17510,17510,17510,17505,17510,17505,17505,,,,,,,,
2,Александровский МО,ГТС Яйвинская р. Яйва,п. Яйва,13280,13280,12980,13019,13022,13021,13014,13012,13030,13017,13025,13020,13020,13010,13015,13036,13050,13056,13035,13017,13010,13020,13015,13027,13040,13045,13055,13030,13030,13040,13048,13042,13035,13032,13025,13030,13013,13018,13016,13020,13036,13050,13050,13075,13120,13163,13161,13161,13181,13193,13180,13171,13146,13126,13098,13067,13047,13046,13040,13035,13030,13035,13038,13027,13028,13020,13021,13012,13015,13019,13022,13028,13030,13024,13033,13030,13023,13027,13024,13020,13010,13027,13060,13068,13043,13040,"1302500,00%",13006,13010,13010,13015,13010,13018,13020,13010,13012,13019,13020,13012,13006,13002,,,,,,,,
3,Александровский МО,р. Лытва мост а/мост,г. Александровск,300,300,50,170,180,180,200,180,160,165,170,165,170,180,190,220,215,205,205,200,200,195,180,205,205,220,220,215,220,220,215,225,225,220,220,210,215,215,200,200,200,225,220,240,240,245,240,240,238,230,228,220,210,200,200,180,130,130,90,90,85,85,90,90,85,60,60,60,60,60,50,45,48,50,-,-,-,-,-,-,-,-,-,-,-,-,-,-,-,-,-,-,-,0,-,-,-,-,-,-,-,,,,,,,,
4,Бардымский МО,р. Казьмакты,с. Барда,198,251,,134,138,139,139,139,139,139,139,134,134,134,134,138,138,138,138,134,134,134,134,134,134,134,134,134,134,134,134,134,134,134,134,134,134,134,134,134,134,134,134,125,125,125,115,115,115,115,115,115,115,115,115,115,115,115,115,115,115,115,115,115,110,110,110,110,110,110,110,110,110,110,110,110,110,110,110,110,110,110,110,110,110,110,110,110,110,110,110,110,110,110,110,110,110,110,110,110,110,,,,,,,,
5,Бардымский МО,р. Барда,с. Бичурино,184,254,,148,153,153,160,175,175,150,150,140,125,116,116,119,119,125,125,100,100,120,130,105,105,105,105,105,105,105,100,100,90,80,80,80,70,70,50,50,50,40,40,40,40,40,30,30,25,25,25,25,20,20,20,10,10,10,0,0,0,0,0,0,0,0,0,0,0,0,0,0,0,0,0,0,0,0,0,0,0,0,0,0,0,0,0,0,0,0,0,0,0,0,0,0,0,0,0,0,0,,,,,,,,
6,Бардымский МО,"р.р. Тулва, Тунтор",д. Усть-Тунтор,204,260,,81,84,95,98,100,102,95,90,85,72,65,65,70,85,84,68,65,57,52,51,50,63,65,70,70,75,78,80,70,64,58,53,55,50,45,40,40,40,40,30,25,25,20,15,15,15,15,13,13,12,12,12,13,13,13,13,13,13,13,13,13,13,13,13,13,13,12,12,12,12,12,12,12,13,13,13,13,13,13,13,13,10,10,10,10,10,10,10,10,10,10,10,10,10,10,8,8,8,,,,,,,,
7,Бардымский МО,р. Тулва,д. Чалково,195,245,,70,72,73,73,80,87,80,75,70,63,60,58,62,64,64,60,58,55,55,52,50,53,53,55,55,60,63,65,65,60,56,54,54,50,45,40,40,40,40,30,25,25,20,15,15,15,15,13,13,13,13,13,13,13,13,13,13,13,13,13,13,13,13,13,13,13,12,12,12,12,12,12,12,13,13,13,13,13,13,13,13,10,10,10,10,10,10,10,10,10,10,10,10,10,10,9,8,8,,,,,,,,
8,Бардымский МО,р. Тулва,с. Краснояр-2,200,258,,86,97,98,98,103,109,99,88,71,64,60,60,83,89,82,69,64,55,55,49,59,67,71,76,72,77,80,72,67,62,58,51,50,45,45,30,30,30,30,20,15,15,10,8,8,3,3,0,0,0,0,0,0,0,0,0,0,0,0,0,0,0,0,0,0,0,0,0,0,0,0,0,0,0,0,0,0,0,0,0,0,0,0,0,0,0,0,0,0,0,0,0,0,0,0,0,0,0,,,,,,,,
9,Бардымский МО,"р.р. Чириз, Тулва",с. Ишимово,185,254,,80,80,78,83,88,88,88,78,68,68,65,65,68,68,68,68,65,60,60,60,60,60,60,65,65,65,68,70,70,65,60,60,60,60,55,50,50,50,50,50,50,50,50,50,50,50,50,50,50,50,50,50,50,50,50,50,50,50,50,50,50,50,50,50,50,50,50,50,50,50,50,50,50,50,50,50,50,50,50,46,50,50,50,50,50,50,50,50,50,50,50,60,60,55,50,50,50,50,,,,,,,,
10,ГО Березники,р. Зырянка,Березники,350,400,0,0,0,0,0,0,0,0,0,0,0,0,0,0,0,45,55,70,78,84,100,105,100,115,120,135,140,152,155,173,174,180,185,195,200,210,220,225,230,235,240,245,255,260,260,280,280,290,285,300,310,310,320,330,335,338,340,340,340,344,349,360,360,360,360,360,360,360,360,360,357,354,352,352,350,345,340,336,333,330,328,326,326,324,321,317,310,307,303,301,300,300,298,296,294,293,292,290,285,,,,,,,,
11,ГО Березники,р.Яйва,Вогулка,380,450,0,327,327,327,327,327,320,329,330,331,331,132,133,135,137,190,200,230,230,195,150,125,100,140,150,210,220,250,260,270,270,270,270,270,260,240,210,180,160,150,150,180,240,280,280,320,340,350,360,370,380,380,380,370,360,345,335,300,270,260,240,170,160,150,140,130,130,130,130,105,105,110,115,115,115,100,100,90,90,88,90,90,200,230,200,130,100,90,60,50,49,45,43,40,39,25,25,15,15,,,,,,,,
12,Гайнский МО,р. Кама,п. Кебраты,370,380,,0,0,0,0,0,0,0,0,303,307,311,315,323,313,328,336,344,348,348,372,381,386,398,413,399,405,393,380,366,358,348,346,344,344,345,348,351,355,361,367,377,386,398,412,430,445,456,464,470,470,472,473,473,473,472,469,467,465,461,458,454,449,444,438,429,422,412,401,386,373,360,347,335,322,310,-,285,278,268,259,251,243,236,226,215,205,195,190,170,161,155,148,141,130,130,130,130,130,,,,,,,,
13,Гайнский МО,р. Кама,п. В-Старица,310,330,,0,0,0,0,0,0,0,214,215,214,252,254,263,281,280,295,288,283,282,279,279,277,287,292,309,330,345,350,347,342,328,325,319,317,316,316,317,319,326,330,338,344,358,365,385,396,419,434,449,449,455,459,462,462,462,463,461,459,455,453,449,446,443,437,434,428,421,415,404,396,392,187,367,357,339,326,304,298,285,272,262,249,239,228,218,205,195,184,170,162,156,148,148,148,148,148,148,148,,,,,,,,
14,Гайнский МО,р. Весляна,п. Серебрянка,120,150,,0,0,0,0,0,0,0,95,120,122,115,112,110,105,108,105,97,85,75,64,55,45,45,40,44,44,45,44,45,45,45,46,49,54,58,65,75,91,103,133,164,185,205,222,238,248,260,270,287,287,291,292,289,279,274,262,244,232,209,190,167,151,122,100,76,44,35,33,32,32,32,-,-,-,-,-,-,-,-,-,-,-,-,-,-,-,-,-,-,-,-,-,-,-,-,-,-,-,,,,,,,,
15,Горнозаводский ГО,р.Вижай,п.Пашия,590,690,-,-20,-20,-20,-20,-20,-20,420,420,440,440,480,480,590,590,490,450,450,430,420,420,420,420,420,420,420,420,430,430,430,430,430,420,420,420,420,420,420,420,520,520,590,565,590,600,570,570,570,520,520,500,520,420,420,420,420,420,420,420,420,420,420,420,420,420,420,420,420,420,420,420,420,420,420,420,420,420,420,420,420,420,420,420,420,420,420,420,420,420,420,420,420,420,420,420,420,420,420,420,,,,,,,,
16,Ильинский ГО ,р. Чёрмоз,с. Ивановское,300,380,-,190,200,215,225,240,240,240,240,220,230,225,200,190,200,210,210,190,190,180,120,150,160,160,200,220,220,230,230,230,225,225,225,200,190,180,150,130,130,100,100,80,80,70,70,70,70,50,50,50,50,50,50,50,50,50,50,50,50,50,50,50,50,50,50,50,50,50,50,50,50,50,50,50,50,50,50,50,50,50,50,50,50,50,50,50,50,50,50,50,50,50,50,50,50,50,50,50,50,,,,,,,,
17,Ильинский ГО ,р. Чёрмоз,д. Каргино,300,350,-,190,200,215,225,240,240,240,240,220,230,225,200,190,200,210,210,190,190,180,120,150,160,160,200,220,220,230,230,230,225,225,225,200,190,180,150,130,130,100,100,80,80,70,70,70,70,50,50,50,50,50,50,50,50,50,50,50,50,50,50,50,50,50,50,50,50,50,50,50,50,50,50,50,50,50,50,50,50,50,50,50,50,50,50,50,50,50,50,50,50,50,50,50,50,50,50,50,50,,,,,,,,
18,Косинский МО,р.Коса,п. Горки,720,820,,473,483,490,491,527,530,532,535,525,525,528,528,537,540,549,551,559,561,569,569,575,575,576,576,574,574,571,571,573,574,578,580,569,569,567,567,562,560,554,554,540,540,576,576,600,602,612,612,616,616,616,616,608,608,600,600,586,586,569,569,550,545,527,527,497,492,454,454,407,407,360,360,321,321,299,298,286,286,284,,284,284,291,291,293,293,292,292,286,286,274,0,264,264,260,260,,,,,,,,,,
19,Карагайский МР,р. Язьва,с. Козьмодемьянск,0,0,,0,0,0,0,0,0,0,0,0,0,0,0,0,0,0,0,0,0,0,0,0,0,0,0,0,0,0,0,0,0,0,0,0,0,0,0,0,0,0,0,0,0,0,0,0,0,0,0,0,0,0,0,0,0,0,0,0,0,0,0,0,0,0,0,0,0,0,0,0,0,0,0,0,0,0,0,0,0,0,0,0,0,0,0,0,0,0,0,0,0,0,0,0,0,0,0,0,0,,,,,,,,
20,Карагайский МР,р. Нердва,с. Нердва,0,0,,0,0,0,0,0,0,0,0,0,0,0,0,0,0,0,0,0,0,0,0,0,0,0,0,0,0,0,0,0,0,0,0,0,0,0,0,0,0,0,0,0,0,0,0,0,0,0,0,0,0,0,0,0,0,0,0,0,0,0,0,0,0,0,0,0,0,0,0,0,0,0,0,0,0,0,0,0,0,0,0,0,0,0,0,0,0,0,0,0,0,0,0,0,0,0,0,0,0,,,,,,,,
21,Карагайский МР,"р. Нердва, р. Обва",д. Усть-Нердва,0,0,,0,0,0,0,0,0,0,0,0,0,0,0,0,0,0,0,0,0,0,0,0,0,0,0,0,0,0,0,0,0,0,0,0,0,0,0,0,0,0,0,0,0,0,0,0,0,0,0,0,0,0,0,0,0,0,0,0,0,0,0,0,0,0,0,0,0,0,0,0,0,0,0,0,0,0,0,0,0,0,0,0,0,0,0,0,0,0,0,0,0,0,0,0,0,0,0,0,0,,,,,,,,
22,Карагайский МР,р. Обва,д. Ошмаш,0,0,,0,0,0,0,0,0,0,0,0,0,0,0,0,0,0,0,0,0,0,0,0,0,0,0,0,0,0,0,0,0,0,0,0,0,0,0,0,0,0,0,0,0,0,0,0,0,0,0,0,0,0,0,0,0,0,0,0,0,0,0,0,0,0,0,0,0,0,0,0,0,0,0,0,0,0,0,0,0,0,0,0,0,0,0,0,0,0,0,0,0,0,0,0,0,0,0,0,0,,,,,,,,
23,Кишертский МО,р.Сылва,с. Усть-Кишерть,350,495,-,175,175,185,195,225,235,245,255,255,250,245,230,235,270,310,340,365,370,360,320,285,260,230,225,245,272,290,300,310,313,313,305,300,286,283,265,250,225,205,190,185,180,170,160,155,150,135,125,115,100,90,85,85,75,70,60,55,50,45,35,30,25,20,20,15,10,10,10,10,10,10,0,5,5,5,0,0,0,5,5,0,0,0,0,0,0,0,0,0,0,0,0,0,0,0,0,0,0,,,,,,,,
24,Кишертский МО,р.Сылва,с. Посад,360,490,-,163,163,185,205,220,230,235,235,240,235,240,220,225,250,290,310,330,335,310,290,250,230,215,210,230,266,275,280,290,290,290,282,280,264,263,245,240,215,195,180,175,170,160,150,145,140,125,115,105,90,80,75,75,65,60,50,45,40,35,30,25,20,15,15,10,5,5,5,5,5,5,0,0,0,0,0,0,0,5,5,0,0,0,0,0,0,0,0,0,0,0,0,0,0,0,0,0,0,,,,,,,,
25,Кишертский МО,р.Барда,с. Андреево,300,350,-,113,113,118,138,143,146,146,151,151,146,143,140,147,172,202,232,245,237,218,190,158,148,136,131,141,141,174,181,186,181,186,178,167,157,147,132,122,112,82,72,67,65,60,60,48,43,38,33,28,20,15,10,10,0,0,0,0,0,0,0,0,0,0,0,0,0,0,0,0,0,0,0,0,0,0,0,0,0,0,0,0,0,0,0,0,0,0,0,0,0,0,0,0,0,0,0,0,0,,,,,,,,
26,Краснокамский ГО,р. Ласьва,п. Ласьва,11300,11350,11000,11205,11230,11230,11230,11235,11260,11270,11260,11200,11200,11150,11140,11170,11200,11220,11200,11140,11150,11060,11060,11060,11090,11130,11150,11180,11170,11170,11160,11160,11140,11150,11150,11120,11120,11070,11050,11050,11050,11050,11045,11045,11045,11030,11030,11030,11030,11030,11020,11000,11000,11000,11000,11000,11000,11000,11000,11000,11000,11000,11000,11000,11000,11000,11000,11000,11000,11000,11000,11000,11000,11000,11000,11050,11130,11090,11080,11000,11000,11000,1100,11000,11000,11000,11000,11000,11000,11000,11000,11000,11000,11000,11000,11000,11000,11000,11000,11000,11000,,,,,,,,
27,Краснокамский ГО,р.Кама ,г. Краснокамск (п. Рейд),9200,9250,8500,8801,8850,8800,8800,8850,8850,8800,8850,8850,8850,8950,8950,8950,8975,8950,8975,8950,8900,8875,8875,8875,8875,8800,8800,8825,8850,8850,8875,8875,8925,8925,8975,8975,8975,8975,8975,8975,9000,9000,9000,9025,9025,9000,9025,9075,9125,9150,9170,9186,9150,9210,9220,9226,9232,9235,9240,9235,9235,9235,9240,9245,9245,9245,9235,9235,9210,9220,9220,9220,9220,9220,9220,9220,9220,9220,9220,9210,9220,9210,9210,9200,9170,9170,9170,9160,9140,9140,9100,9080,9075,9075,9075,9075,9075,9075,9075,9075,9075,,,,,,,,
28,Красновишерский ГО ,р. Вишера,с.Усть-Язьва,730,780,250,250,250,250,250,250,250,360,350,340,320,315,310,315,320,350,360,370,360,350,330,310,290,280,280,290,300,305,320,355,380,400,405,410,405,400,390,375,368,375,400,455,500,550,590,620,638,650,680,670,678,680,682,675,660,660,656,656,655,650,640,625,610,590,560,550,540,530,505,500,500,510,512,520,522,520,514,502,490,480,485,530,565,580,575,535,515,500,490,470,460,440,410,380,350,325,300,285,270,,,,,,,,
29,ГО Кудымкар,р.Иньва,г.Кудымкар,480,540,,345,358,371,382,394,403,412,412,414,405,392,380,374,377,383,386,380,354,315,283,261,251,250,248,250,249,273,296,325,356,361,370,376,371,355,334,316,310,317,332,354,373,392,399,386,358,322,285,252,232,219,210,201,193,186,182,181,181,175,171,169,168,168,164,154,149,146,145,145,146,146,148,159,183,211,231,225,209,195,185,,171,164,158,153,150,145,141,140,141,147,164,183,201,208,205,194,194,,,,,,,,
30,ГО Кудымкар,ГТС р. Кува,г.Кудымкар,70,80,,-250,-250,-250,-250,-250,-250,-250,-250,-250,-250,-250,-250,-250,-250,-250,-250,-250,-250,-250,-250,-250,-250,-250,-250,-250,-250,-250,-250,-250,-250,-250,-250,-250,-250,-250,-250,-250,-250,-250,-250,-250,-250,-250,-250,-250,-250,-250,-250,-250,-250,-250,-250,-250,-250,-250,-250,-250,-250,-250,-250,-250,-250,-250,-250,-250,-250,-250,-250,-250,-250,-250,-250,-250,-250,-250,-250,-250,-250,-250,-250,-250,-250,-250,-250,-250,-250,-250,,,-250,-250,-250,-250,-250,-250,-250,-250,-250,,,,,,,,
31,Кудымкарский МО,р. Иньва,с. Пешнигорт,390,490,-,180,200,222,223,224,240,240,240,240,230,200,200,200,200,220,220,220,170,120,100,80,80,90,90,90,110,140,170,190,200,210,220,220,200,180,160,140,140,160,180,200,210,220,210,170,160,160,90,60,60,60,55,40,40,40,40,40,40,40,40,40,40,40,40,40,40,40,40,40,40,40,40,40,40,55,60,50,40,40,40,40,40,40,40,40,40,40,40,40,40,0,0,0,0,0,0,0,0,,,,,,,,
32,Кудымкарский МО,р. Иньва,д. Заречный Пешнигорт,390,490,-,180,200,222,223,224,240,240,240,240,230,200,200,200,200,220,220,220,170,120,100,80,80,90,90,90,110,140,170,190,200,210,220,220,200,180,160,140,140,160,180,200,210,220,210,170,160,160,90,60,60,60,55,40,40,40,40,40,40,40,40,40,40,40,40,40,40,40,40,40,40,40,40,40,40,55,60,50,40,40,40,40,40,40,40,40,40,40,40,40,40,0,0,0,0,0,0,0,0,,,,,,,,
33,Кудымкарский МО,р. Иньва,д. Ивукова,390,490,-,180,200,222,223,224,240,240,240,240,230,200,200,200,200,220,220,220,170,120,100,80,80,90,90,90,110,140,170,190,200,210,220,220,200,180,160,140,140,160,180,200,210,220,210,170,160,160,90,60,60,60,55,40,40,40,40,40,40,40,40,40,40,40,40,40,40,40,40,40,40,40,40,40,40,55,60,50,40,40,40,40,40,40,40,40,40,40,40,40,40,0,0,0,0,0,0,0,0,,,,,,,,
34,Кудымкарский МО,р. Иньва,д. Степанова,490,570,-,190,225,230,250,265,275,280,290,295,290,290,260,240,250,255,260,260,245,205,150,125,115,115,110,110,115,115,130,135,195,230,245,250,250,230,210,190,175,175,190,220,240,260,270,260,250,190,160,150,90,60,50,40,30,35,20,20,20,20,20,20,20,20,20,20,20,20,15,15,15,15,10,15,15,30,35,45,35,35,35,35,35,35,35,35,30,30,30,30,30,30,30,40,30,30,30,30,30,,,,,,,,
35,Кудымкарский МО,р. Кува,с. Кува ,300,370,-,188,192,201,209,213,216,212,212,198,194,193,200,208,211,199,193,170,166,153,148,147,146,146,102,123,154,185,197,206,207,207,197,189,180,180,183,205,224,264,270,267,264,230,216,194,179,163,154,147,141,136,136,126,123,122,122,121,121,121,121,121,87,87,87,87,96,102,103,103,105,111,118,132,132,138,131,125,121,118,116,113,113,113,106,104,100,100,100,102,105,111,117,125,125,126,126,116,112,,,,,,,,
36,Кудымкарский МО,р. Кува (пруд),с. Кува ,16910,16950,-,16870,16870,16871,16874,16877,16879,16876,16876,16871,16870,16870,16872,16874,16876,16871,16869,16861,16855,16847,16841,16838,16830,16827,16828,16852,16869,16878,16881,16884,16885,16885,16879,16878,16877,16878,16878,16884,16891,16910,16914,16914,16914,16893,16888,16880,16875,16869,16863,16859,16856,16852,16849,16846,16840,16840,16839,16838,16831,16831,16820,16816,16820,16828,16831,16831,16847,16849,16849,16849,16850,16851,16855,16862,16862,16866,16862,16860,16859,16857,16855,16852,16852,16852,16850,16849,16848,16849,16849,16850,16851,16853,16858,16861,16861,16861,16861,16857,16853,,,,,,,,
37,Кудымкарский МО,р.Кува,д.Мальцева,300,370,-,95,100,105,112,130,135,135,135,120,115,100,105,110,120,120,115,85,55,40,25,25,25,10,10,0,0,50,68,110,115,120,120,105,90,70,80,85,100,135,170,195,190,180,165,120,95,55,35,15,5,5,0,0,0,0,0,0,0,0,0,0,0,0,0,0,0,0,0,0,0,0,0,0,0,0,0,5,5,0,0,0,0,0,0,0,0,0,0,0,0,0,0,0,0,0,0,0,0,,,,,,,,
38,Кудымкарский МО,р. Велва,д. Алексеевка,10,50,-,0,0,0,0,0,0,0,0,0,0,0,2,5,4,4,4,6,6,4,2,2,2,0,0,0,0,0,0,0,0,0,0,0,0,0,0,0,0,0,0,0,0,0,0,0,0,0,0,0,0,0,0,0,0,0,0,0,0,0,0,0,0,0,0,0,0,0,0,0,0,0,0,0,0,0,0,0,0,0,0,0,0,0,0,0,0,0,0,0,0,0,0,0,0,0,0,0,0,,,,,,,,
39,Кунгурский МР,ГТС р. Б. Юг,с. Калинино,50,70,0,33,30,25,25,25,25,20,17,14,12,12,12,15,15,15,10,10,5,5,5,5,5,5,10,10,20,20,17,17,7,7,7,7,5,0,0,0,0,0,0,0,0,0,0,0,0,0,0,0,0,0,0,0,0,0,0,0,0,0,0,0,0,0,0,0,0,0,0,0,0,0,0,0,0,0,0,0,0,0,0,0,0,0,0,0,0,0,0,0,0,0,0,0,0,0,0,0,0,,,,,,,,
40,Кунгурский МР,ГТС п. Бым,с. Бым,160,210,0,50,50,50,50,40,50,50,50,40,40,40,40,40,40,40,40,40,40,40,40,40,40,40,45,50,50,50,50,50,50,50,50,50,50,50,40,40,40,40,35,30,20,20,15,15,5,5,0,0,0,0,0,0,0,0,0,0,0,0,0,0,0,0,0,0,0,0,0,0,0,0,0,0,0,0,0,0,0,0,0,0,0,0,0,0,0,0,0,0,0,0,0,0,0,0,0,0,0,,,,,,,,
41,Кунгурский МР,р. Шаква,с. Плеханово,120,150,0,85,85,95,95,100,105,110,115,115,115,110,100,105,110,110,115,120,120,120,120,110,100,100,100,100,105,107,110,115,115,115,115,110,105,100,95,80,70,60,50,40,40,35,30,25,25,25,20,15,15,10,5,0,0,0,0,0,0,0,0,0,0,0,0,0,0,0,0,0,0,0,0,0,0,0,0,0,0,0,0,0,0,0,0,0,0,0,0,0,0,0,0,0,0,0,0,0,0,,,,,,,,
42,Кунгурский МР,р. Сылва,с. Филипповка,500,600,0,120,125,140,150,165,175,185,200,210,210,217,200,205,210,210,260,300,320,330,315,310,310,310,280,280,300,320,350,370,380,360,360,350,350,340,330,320,300,280,250,240,225,210,200,200,190,160,145,160,150,155,150,140,140,125,115,105,100,90,85,75,60,60,55,50,40,35,25,20,10,0,0,0,0,0,0,0,0,0,0,0,0,0,0,0,0,0,0,0,0,0,0,0,0,0,0,0,0,,,,,,,,
43,Кунгурский МР,р. Бабка,с. Моховое (мосты),230,245,0,285,285,310,320,335,340,360,370,365,350,330,320,320,330,385,400,430,430,420,410,370,340,340,340,360,380,405,420,425,425,425,420,400,380,360,340,315,290,260,240,220,210,180,175,160,150,140,140,110,100,100,75,65,60,60,50,40,35,30,20,15,10,5,0,0,0,0,0,0,0,0,0,0,0,0,0,0,0,0,0,0,0,0,0,0,0,0,0,0,0,0,0,0,0,0,0,0,0,,,,,,,,
44,Кунгурский МР,р. Бабка,д. Липово,350,400,200,235,245,250,255,245,245,250,260,235,210,200,200,200,205,205,255,215,200,200,200,200,200,200,220,245,255,270,285,285,255,240,240,200,200,200,200,200,200,200,150,150,120,120,110,70,70,70,60,50,40,30,15,0,0,0,0,0,0,0,0,0,0,0,0,0,0,0,0,0,0,0,0,0,0,0,0,0,0,0,0,0,0,0,0,0,0,0,0,0,0,0,0,0,0,0,0,0,0,,,,,,,,
45,Кунгурский МР,р. Ирень,д. Шубино,350,400,0,170,180,200,210,210,220,240,230,220,210,200,190,180,180,230,240,240,230,200,160,150,150,130,150,170,190,230,240,240,230,230,210,200,180,150,140,130,100,100,80,60,20,10,20,15,15,15,10,0,0,0,0,0,0,0,0,0,0,0,0,0,0,0,0,0,0,0,0,0,0,0,0,0,0,0,0,0,0,0,0,0,0,0,0,0,0,0,0,0,0,0,0,0,0,0,0,0,0,,,,,,,,
46,ГО Кунгур,ВЗД р.Ирень,г.Кунгур,11732,12000,11294,11425,11450,11464,11476,11484,11499,11510,11510,11510,11499,11480,11470,11470,11486,11525,11545,11564,11566,11554,11534,11510,11480,11480,11480,11500,11520,11540,11552,11559,11557,11557,11544,11529,11512,11493,11474,11444,11420,11400,11370,11360,11350,11350,11340,11310,11300,11284,11269,11259,11249,11249,11249,11249,11249,11249,11249,11249,11249,11249,11249,11249,11249,11249,11249,11249,11249,11249,11249,11249,11249,11249,11249,11249,11249,11249,11249,11249,11249,11249,11249,11249,11249,11249,11249,11249,11249,11249,11249,11249,11249,11249,11249,11249,11249,11249,11249,11249,11249,,,,,,,,
47,ГО Кунгур,ВЗД р.Сылва,г.Кунгур,11732,12000,11290,11390,11410,11435,11455,11460,11470,11480,11490,11490,11490,11475,11470,11470,11486,11530,11560,11595,11600,11590,11558,11525,11510,11478,11473,11490,11510,11540,11565,11565,11567,11567,11562,11550,11538,11520,11509,11480,11460,11430,11418,11418,11390,11380,11380,11360,11340,11340,11330,11320,11310,11290,11290,11290,11290,11290,11290,11290,11290,11290,11290,11290,11290,11290,11290,11290,11290,11290,11290,11290,11290,11290,11290,11290,11290,11290,11290,11290,11290,11290,11290,11290,11290,11290,11290,11290,11290,11290,11290,11290,11290,11290,11290,11290,11290,11290,11290,11290,11290,,,,,,,,
48,ГО Кунгур,ВЗД р.Шаква,г.Кунгур,0,0,-,0,0,0,0,0,0,0,0,0,0,0,0,0,0,0,0,0,0,0,0,0,0,0,0,0,0,0,0,0,0,0,0,0,0,0,0,0,0,0,0,0,0,0,0,0,0,0,0,0,0,0,0,0,0,0,0,0,0,0,0,0,0,0,,0,0,0,0,0,0,0,0,0,0,0,0,0,0,0,0,0,0,0,0,0,0,0,0,0,0,0,0,0,0,0,0,0,0,,,,,,,,
15,Пермский МР,р. Бабка,п. Кукуштан,150,180,0,140,150,151,145,147,152,158,140,110,105,90,90,130,147,150,120,75,,60,70,90,115,143,153,165,165,163,158,145,140,135,120,85,75,72,50,50,50,50,40,40,40,40,25,25,25,25,25,25,25,12,15,15,15,15,15,15,15,15,15,15,15,15,15,15,15,15,15,15,10,10,50,50,95,43,30,30,30,20,20,20,20,20,20,20,20,20,15,15,15,15,15,15,15,15,0,0,0,,,,,,,,
50,Пермский МР,р. Кама,с. Усть-Качка,70,100,0,-80,-80,-80,-80,-80,-80,-80,-80,-80,-80,-80,-30,-15,-10,25,0,0,0,-60,-60,-60,-60,-60,-65,-65,-65,-65,-70,-70,-20,-20,10,10,20,25,30,30,30,30,50,55,55,60,60,65,150,175,180,190,205,205,210,210,220,235,235,232,230,230,235,237,238,240,235,230,227,225,226,230,230,232,234,232,232,232,225,225,225,225,225,225,210,210,208,200,190,160,150,150,137,138,140,140,140,138,135,110,60,,,,,,,,
51,Пермский МР,р. Мулянка,д. Кондратово,450,490,0,40,40,40,30,10,30,30,30,0,0,0,0,20,20,0,0,0,0,0,0,0,0,0,0,0,20,20,30,30,25,25,25,25,25,25,25,25,-25,-25,0,0,0,0,0,0,0,0,0,0,0,40,40,40,30,30,90,90,80,80,80,80,80,95,90,90,70,70,70,70,70,80,70,70,70,50,50,100,85,85,85,70,60,60,50,50,10,10,10,10,10,10,-50,-50,-50,-50,-60,-60,-60,,,,,,,,
52,Пермский МР,р. Мулянка,дорога на д. Шумки,70,100,0,25,35,35,25,25,25,15,20,20,10,10,10,15,15,15,15,15,15,15,15,15,15,15,15,15,15,15,15,15,15,15,15,15,15,15,15,15,15,15,15,0,0,0,0,0,0,0,0,0,0,0,0,0,0,0,0,0,0,0,0,0,0,0,0,0,0,0,0,0,0,0,45,35,30,15,15,15,15,20,10,10,10,10,10,10,10,10,10,10,10,10,10,10,10,10,10,10,10,,,,,,,,
53,Суксунский ГО,р.Сылва,д. Тохтарево,340,400,-,80,85,90,95,100,105,110,110,115,120,125,130,135,140,145,210,210,200,200,200,190,180,140,120,120,155,165,160,190,190,190,190,190,165,150,150,150,120,120,120,100,80,70,60,50,50,50,50,50,50,20,20,20,20,20,20,20,20,20,20,20,20,20,10,0,0,0,0,0,0,0,0,0,0,0,0,0,0,0,0,0,0,0,0,0,0,0,0,0,0,0,0,0,0,0,0,0,0,,,,,,,,
54,Суксунский ГО,ГТС,п. Суксун,50,80,-,5,5,5,5,5,5,7,7,10,7,7,7,0,5,8,8,10,10,10,10,10,10,10,8,8,10,10,10,10,5,5,5,5,5,5,5,5,5,5,5,5,5,5,5,5,5,5,5,5,5,5,5,5,5,5,5,5,5,5,5,5,5,5,5,5,5,5,5,5,5,5,5,5,5,5,5,5,5,5,5,5,5,5,5,5,5,5,5,5,5,5,5,5,5,5,5,5,5,,,,,,,,
55,Уинский МО,р.Аспа,с.Уинское,170,200,-,80,80,95,95,110,110,100,85,80,60,60,70,100,110,100,70,50,50,40,40,50,60,75,85,80,80,85,70,60,50,50,55,50,50,40,35,30,25,15,15,10,10,10,10,10,10,5,5,0,0,0,0,0,0,0,0,0,0,0,0,0,0,0,0,0,0,0,0,0,0,0,0,0,0,0,0,0,0,0,0,0,0,0,0,0,0,0,0,0,0,0,0,0,0,0,0,0,0,,,,,,,,
56,Уинский МО,р.Уя,с.Уинское,170,200,-,55,55,65,65,65,65,65,50,50,35,40,40,40,60,50,40,30,30,30,30,30,30,30,35,30,30,35,20,15,10,10,20,20,20,15,10,10,10,5,5,5,5,5,5,5,5,0,0,0,0,0,0,0,0,0,0,0,0,0,0,0,0,0,0,0,0,0,0,0,0,0,0,0,0,0,0,0,0,0,0,0,0,0,0,0,0,0,0,0,0,0,0,0,0,0,0,0,0,,,,,,,,
57,Уинский МО,р.Судинка,с.Суда,200,250,-,0,0,0,0,0,0,0,0,0,0,0,0,0,0,0,0,0,0,0,0,0,0,0,0,0,0,0,0,0,0,0,0,0,0,0,0,0,0,0,0,0,0,0,0,0,0,0,0,0,0,0,0,0,0,0,0,0,0,0,0,0,0,0,0,0,0,0,0,0,0,0,0,0,0,0,0,0,0,0,0,0,0,0,0,0,0,0,0,0,0,0,0,0,0,0,0,0,0,,,,,,,,
58,Уинский МО,р.Аспа,с.Аспа,150,180,-,70,80,80,90,100,100,80,70,50,40,50,70,95,95,75,45,30,30,30,30,70,70,70,75,80,90,70,70,60,60,40,50,40,30,30,40,20,20,15,15,10,10,10,10,10,10,10,5,0,0,0,0,0,0,0,0,0,0,0,0,0,0,0,0,0,0,0,0,0,0,0,0,0,0,0,0,0,0,0,0,0,0,0,0,0,0,0,0,0,0,0,0,0,0,0,0,0,0,,,,,,,,
59,Чусовской ГО,р. Чусовая,г.Чусовой,11300,11300,10935,11042,11054,11060,11071,11086,11083,11090,11094,11095,11094,11097,11115,11162,11190,11196,11190,11156,11130,11116,11110,11109,11113,11128,11142,11151,11151,11159,11163,11168,11164,11161,11153,11140,11130,11119,11109,11101,11100,11103,11107,11110,11121,11130,11127,11123,11113,11109,11093,11085,11063,11044,11030,11024,11024,11018,11004,10995,10991,10978,10980,10973,10969,10966,10964,10961,10957,10951,10950,10950,10947,10946,10947,10950,10953,10959,10959,10963,10963,10963,10980,10989,10988,10981,10975,10969,10963,10960,10956,10952,10951,10950,10950,10952,10960,10959,10958,10951,10949,,,,,,,,
60,Чусовской ГО,р. Усьва,г.Чусовой,11950,12075,11772,11832,11838,11850,11875,11866,11860,11866,11868,11884,11869,11770,11888,11932,11950,11960,11952,11920,11920,11890,11876,11869,11872,11888,11916,11940,11942,11952,11960,11965,11960,11964,11962,11945,11942,11922,11910,11901,11897,11920,11950,11975,12007,12028,12043,12050,12053,12055,12050,12042,12025,12020,12023,11970,11950,11956,11938,11925,11902,11892,11872,11870,11855,11848,11841,11838,11827,11821,11816,11810,11809,11808,11808,11810,11812,11808,11812,11808,11808,11808,11844,11895,11890,11888,11872,11836,11821,11818,11806,11800,11796,11796,11794,11798,11800,11806,11806,11798,11791,,,,,,,,
61,Чусовской ГО,р. Усьва,п. Мыс,200,300,0,0,0,0,0,0,0,0,0,0,0,0,0,0,0,0,0,0,0,0,0,0,0,0,0,0,0,0,0,0,0,0,0,0,0,0,0,0,0,0,0,0,0,0,0,0,0,0,0,0,0,0,0,0,0,0,0,0,0,0,0,0,0,0,0,0,0,0,0,0,0,0,0,0,0,0,0,0,0,0,0,0,0,0,0,0,0,0,0,0,0,0,0,0,0,0,0,0,0,,,,,,,,
62,Чусовской ГО,р. Усьва,п. Бобровка,150,200,0,0,0,0,0,0,0,0,0,0,0,0,0,0,0,0,0,0,0,0,0,0,0,0,0,0,0,0,0,0,0,0,0,0,0,0,0,0,0,0,0,0,0,0,15,15,25,25,20,15,0,0,0,0,0,0,0,0,0,0,0,0,0,0,0,0,0,0,0,0,0,0,0,0,0,0,0,0,0,0,0,0,0,0,0,0,0,0,0,0,0,0,0,0,0,0,0,0,0,,,,,,,,
63,Чусовской ГО,р. Чусовая,п. Мульково,300,350,0,0,0,0,0,0,0,0,0,0,0,0,0,0,0,0,0,0,0,0,0,0,0,0,0,0,0,0,0,0,0,0,0,0,0,0,0,0,0,0,0,0,0,0,0,0,0,0,0,0,0,0,0,0,0,0,0,0,0,0,0,0,0,0,0,0,0,0,0,0,0,0,0,0,0,0,0,0,0,0,0,0,0,0,0,0,0,0,0,0,0,0,0,0,0,0,0,0,0,,,,,,,,
64,Чернушинский ГО,р.Сульмашка,с. Рябки,200,300,-,150,155,160,170,185,177,150,130,127,127,130,150,167,171,151,145,110,100,90,90,90,115,115,122,122,129,115,118,118,118,110,119,118,109,98,80,75,72,68,68,65,65,60,60,60,60,60,58,58,56,56,56,56,56,55,55,55,55,55,51,50,50,50,48,48,48,48,48,48,48,48,48,48,48,48,48,48,48,48,48,48,48,48,48,48,48,48,48,48,48,48,48,48,48,48,,,,,,,,,,,
64,Чернушинский ГО,ГТС р. Сульмашка,с. Рябки,50,65,-,35,35,35,40,40,40,30,30,30,30,30,30,38,38,30,30,25,25,20,20,20,25,28,28,28,28,25,25,30,30,25,25,30,25,20,20,20,20,20,20,18,18,15,15,15,15,15,15,15,15,15,15,15,15,15,15,15,15,17,17,17,17,8,8,8,8,8,8,8,8,8,8,8,8,8,8,8,8,8,8,8,8,8,8,8,8,8,8,8,8,8,8,8,8,8,8,8,8,,,,,,,,
64,Юрлинский МО,р.Лопва,с. Юрла,350,395,-,168,192,208,208,203,220,210,210,185,185,170,185,212,220,190,180,160,100,80,75,69,69,69,70,98,135,168,179,180,205,200,190,155,145,135,140,158,180,202,227,240,239,218,185,145,120,100,100,76,90,67,60,57,55,55,50,50,45,40,40,40,40,40,40,40,40,40,35,35,35,35,35,35,35,35,35,35,35,35,35,35,35,35,35,35,35,35,35,35,35,35,40,40,39,39,35,35,35,,,,,,,,
67,Юсьвинский МО,р. Юсьва,с. Юсьва,220,270,0,72,76,80,84,90,90,85,81,75,70,65,65,73,73,69,66,58,50,45,38,40,43,44,44,46,53,56,64,66,71,75,76,69,64,55,48,40,37,39,40,40,38,35,32,28,26,21,18,17,17,16,16,15,15,15,13,11,10,10,10,10,5,5,5,5,3,3,3,3,3,5,5,7,7,7,10,12,13,15,13,13,13,12,11,10,8,7,7,8,9,11,11,10,9,7,5,0,0,,,,,,,,
68,Юсьвинский МО,р. Купросска,с. Купросс,250,300,10,33,33,43,43,48,53,55,60,65,70,75,75,80,85,85,88,88,88,93,98,103,100,100,100,105,110,115,115,120,122,126,130,130,125,125,120,120,118,116,116,116,116,115,115,115,115,110,115,115,110,110,110,90,85,85,70,60,60,60,55,55,55,50,45,40,40,40,40,40,40,41,44,45,45,45,45,50,52,57,60,40,29,19,14,10,9,8,8,8,8,10,10,10,9,8,6,0,0,,,,,,,,
69,Ильинский ГО ,р. Полуденная,д. Комариха,250,300,-,155,130,145,170,185,185,125,100,110,110,110,150,140,140,90,80,60,60,50,50,125,110,155,120,135,120,95,110,80,90,90,70,65,60,60,50,50,50,50,50,45,30,30,30,30,30,20,20,20,20,10,10,10,10,10,25,25,10,10,10,10,10,10,10,10,10,0,0,0,0,0,0,0,0,0,0,0,0,0,,0,0,0,0,0,0,0,0,0,0,0,0,0,0,0,0,0,0,,,,,,,,
70,Березовский МО,ГТС р. Березовка,с. Березовка,350,390,0,3,3,3,3,3,3,3,3,3,3,3,3,3,3,3,3,3,3,3,3,3,3,3,3,3,3,3,3,3,3,3,3,3,3,3,3,3,3,3,3,3,3,3,3,3,3,3,3,3,3,3,3,3,3,3,6,6,6,6,6,6,6,6,6,6,6,6,6,6,6,6,7,7,7,7,7,7,7,7,7,7,7,7,7,7,7,7,7,7,7,7,7,7,7,7,7,7,7,,,,,,,,
71,Березовский МО,ГТС р. Сая,с. Сая,450,470,150,26,26,28,33,34,34,34,36,34,35,37,37,38,39,40,41,41,42,44,45,47,47,47,48,49,49,50,50,51,51,51,51,51,51,51,51,51,51,51,51,51,51,51,51,48,46,44,43,42,42,42,42,42,42,42,42,42,42,42,42,42,42,42,42,42,42,42,42,42,42,42,42,42,42,42,42,42,42,42,42,42,42,42,42,42,42,42,42,42,42,42,42,42,42,42,42,42,42,0,,,,,,,
72,Березовский МО,р.Шаква,с.Березовка,240,295,0,33,33,43,48,54,54,64,64,54,54,46,48,68,73,93,103,113,113,113,103,83,73,68,68,78,78,89,89,94,94,92,87,82,82,82,72,70,60,50,40,30,27,25,22,20,19,15,14,11,8,8,8,8,8,6,6,6,6,6,4,4,4,4,4,4,4,4,4,4,4,4,4,4,4,4,4,4,4,4,4,4,4,4,4,4,4,4,4,4,4,4,4,4,4,4,4,4,4,,,,,,,,
73,Березовский МО,р.Асовка,с.Асово,155,185,40,50,50,50,50,56,55,52,49,45,45,55,75,105,109,61,36,5,-5,-12,-12,10,16,38,38,36,30,29,25,35,36,20,15,13,11,2,2,1,-2,-2,-2,-7,-11,-13,-17,-22,-22,-24,-24,-26,-29,-29,-29,-29,-29,40,40,40,40,40,40,40,40,40,40,40,40,40,40,40,40,40,40,40,40,40,40,40,40,40,40,40,40,40,40,40,40,40,40,40,40,40,40,40,40,40,40,40,40,,,,,,,,
74,Кунгурский МР,р. Сылва,с. Сылвенск,700,800,108,356,359,369,391,410,421,434,449,457,459,459,466,455,425,445,,521,560,550,540,540,510,510,439,438,455,478,485,500,529,530,530,523,507,495,472,452,427,400,373,352,331,317,300,282,276,265,251,246,221,207,190,177,177,177,170,166,160,153,145,138,136,126,123,113,100,92,80,72,60,50,40,30,15,0,0,0,0,0,0,0,0,0,0,0,0,0,0,0,0,0,0,0,0,0,0,0,0,,,,,,,,
75,Нытвенский ГО,ГТС на р.Нытва в г.Нытва,г.Нытва,540,600,460,478,475,475,475,474,473,473,471,469,467,466,465,465,465,466,466,466,465,465,465,465,465,465,465,465,467,467,468,471,471,472,472,472,472,471,470,470,469,468,467,467,467,468,468,470,471,472,472,474,474,475,476,476,475,477,479,479,480,480,481,482,482,483,483,484,484,484,484,484,485,490,494,496,497,497,497,495,495,492,491,488,488,485,483,480,476,475,474,472,471,470,470,470,470,470,470,470,470,471,,,,,,,
76,Нытвенский ГО,ГТС р. Сюзьва,с.Григорьевское Григорьевского СП,50,100,0,35,37,37,37,37,37,37,27,27,25,25,27,25,25,25,25,25,20,18,20,25,23,23,25,25,30,33,33,33,30,30,30,30,28,28,25,23,20,20,20,20,20,18,18,17,17,17,17,14,10,10,15,15,15,15,15,15,15,15,15,15,15,12,12,12,12,12,12,12,12,12,12,12,12,12,12,12,12,12,12,12,12,12,12,12,12,12,12,12,12,12,12,12,12,12,12,12,12,12,,,,,,,
77,Нытвенский ГО,ГТС р. Сын,д.Луговая Чайковского СП,50,100,0,25,18,22,19,18,22,22,5,5,10,15,5,5,15,5,-35,-35,-130,-110,-80,-80,-28,-15,12,12,20,15,8,5,9,9,-30,-30,-30,-30,-30,-30,-30,-30,-30,-30,-30,-5,-5,-5,-5,-3,-5,-5,5,5,5,5,5,5,5,5,5,5,5,5,5,5,5,5,5,5,5,5,5,5,5,5,5,5,5,5,5,5,5,5,5,5,5,5,5,5,5,5,5,5,5,5,5,5,5,5,5,5,,,,,,,
78,Нытвенский ГО,Воткинское водохранилище,п.Уральский,9070,9170,8700,8700,8700,8700,8700,8700,8700,8700,8720,8720,8740,8740,8790,8805,8810,8810,8825,8740,8780,8780,8780,8780,8770,8755,8755,8760,8760,8765,8760,8785,8810,8835,8840,8850,8850,8850,8860,8865,8870,8875,8875,8885,8890,8890,8895,8904,8975,8975,9012,9030,9045,9055,9070,9080,9085,9095,9095,9095,9095,9095,9095,9100,9100,9100,9100,9090,9090,9090,9090,9093,9093,9097,9097,9095,9095,9090,9087,9087,9087,9088,9088,9075,9072,9070,9070,9067,9067,9010,9000,8986,8986,8985,8985,8985,8987,8990,8985,8950,8950,8940,,,,,,,
79,Оханский МР,р. Полуденка,с. Андреевка,220,260,70,60,50,50,60,60,50,40,30,30,20,20,20,15,10,0,0,0,0,0,10,20,10,10,10,20,20,10,0,0,0,0,0,0,0,0,0,0,0,0,0,0,0,0,0,0,0,0,0,0,0,0,0,0,0,0,0,0,0,0,0,0,0,0,0,0,0,0,0,0,0,0,0,0,0,0,0,0,0,0,0,0,0,0,0,0,0,0,0,0,0,0,0,0,0,0,0,0,0,,,,,,,,
80,Оханский МР,р. Ошап,с. Андреевка,180,240,0,0,0,0,0,0,0,0,0,0,0,0,0,0,0,0,0,0,0,0,0,0,0,0,0,0,0,0,0,0,0,0,0,0,0,0,0,0,0,0,0,0,0,0,0,0,0,0,0,0,0,0,0,0,0,0,0,0,0,0,0,0,0,0,0,0,0,0,0,0,0,0,0,0,0,0,0,0,0,0,0,0,0,0,0,0,0,0,0,0,0,0,0,0,0,0,0,0,,,,,,,,,
81,Очерский ГО,ГТС р. Очер,г.Очер,13240,13262,0,13165,13165,13165,13160,13160,13160,13160,13160,13160,13160,13160,13160,13167,13167,13175,13175,13180,13180,13180,13180,13180,13180,13180,13180,13180,13180,13180,13188,13196,13199,13205,13210,13210,13210,13210,13210,13210,13210,13210,13210,13210,13210,13210,13210,13210,13210,13210,13210,13210,13210,13210,13210,13210,13210,13210,13210,13210,13210,13210,13210,13210,13210,13210,13210,13210,13210,13210,13210,13210,13210,13210,13210,13210,13210,13210,13210,13210,13210,13210,13210,13210,13210,13210,13210,13210,13210,13210,13210,13210,13210,13210,13210,13210,13210,13210,13210,13210,13210,,,,,,,,
82,Очерский ГО,ГТС р. Очер,п.Павловский,12140,12190,0,12112,12112,12112,12112,12112,12112,12112,12112,12112,12112,12112,12112,12112,12112,12112,12112,12112,12112,12112,12112,12112,12112,12112,12112,12112,12112,12112,12112,12112,12112,12112,12112,12112,12112,12112,12112,12112,12112,12112,12112,12112,12112,12112,12112,12112,12112,12112,12112,12112,12112,12112,12112,12112,12112,12112,12112,12112,12112,12112,12112,12112,12112,12112,12112,12112,12112,12112,12112,12112,12112,12112,12112,12112,12112,12112,12112,12112,12112,12112,12112,12112,12112,12112,12112,12112,12112,12112,12112,12112,12112,12112,12112,12112,12112,12112,12112,12112,12112,,,,,,,,
0,Октябрьский  МР,р.Ирень,с. Ишимово,250,350,-,30,45,50,50,70,75,75,80,50,40,35,35,110,120,110,80,50,45,30,0,0,0,10,25,75,80,85,85,80,70,80,40,35,35,30,0,0,0,0,0,0,0,0,0,0,0,0,0,0,0,0,0,0,50,0,0,0,0,0,0,0,0,0,0,0,0,0,0,0,0,0,0,0,0,0,0,0,0,0,0,0,0,0,0,0,0,,0,0,0,0,0,0,0,0,0,0,0,0,0,0,0,0,,,
84,Большесосновский МР,ГТС на р.Соснова,с.Большая Соснова,100,100, -,35,35,35,35,35,35,35,30,30,30,30,35,35,40,40,40,40,40,40,40,40,40,40,40,40,40,40,40,40,40,40,40,40,35,35,35,35,35,35,35,30,30,30,30,30,30,30,30,30,30,25,25,25,25,25,25,25,25,25,25,25,25,25,25,25,25,25,25,25,25,25,25,25,25,25,25,25,25,25,25,25,25,25,25,25,25,25,25,25,25,25,25,25,25,25,25,25,,,,,,,,,
85,Большесосновский МР,р.Сосновка,с. Большая Соснова,190,210,0,75,75,75,75,75,70,60,60,60,50,50,50,50,55,55,55,55,55,55,55,55,55,55,55,55,55,55,55,55,55,55,55,55,50,50,45,45,45,40,40,35,35,35,35,35,35,35,35,35,35,30,30,30,30,30,30,30,30,30,30,30,30,30,30,30,30,30,30,30,30,30,30,30,30,30,30,30,30,30,30,30,30,30,30,30,30,30,30,30,30,30,30,30,30,30,30,30,,,,,,,,,
86,Чусовской ГО,р. Чусовая,п. В-Городки,11000,11050,10800,10502,10514,10529,10542,10564,10576,10582,10600,10591,10597,10596,10606,10645,10696,10735,10738,10719,10697,10670,10654,10648,10651,10670,10693,10714,10726,10747,10762,10775,10786,10787,10798,10788,10787,10783,10786,10780,10775,10787,10799,10813,10824,10838,10849,10856,10854,10854,10853,10849,10845,10838,10837,10827,10825,10832,10832,10834,10836,10835,10839,10840,10843,10840,10844,10848,10853,10852,10853,10856,10856,10858,10857,10856,10860,10857,10859,10859,10859,10856,10856,10856,10856,10856,10856,10856,10856,10856,10856,10856,10856,10856,10856,10856,10856,10856,10856,10856,10856,,,,,,,,
87,Бардымский  МР,р. Тулва,с. Барда,198,251,,180,184,185,190,198,211,203,190,168,156,144,152,171,178,173,156,136,128,127,130,138,153,156,159,157,161,166,171,177,154,133,133,144,140,135,118,117,106,102,94,89,85,85,80,80,79,78,77,76,74,74,74,80,80,84,81,78,75,73,74,71,70,70,69,69,68,66,65,67,68,68,68,73,73,71,69,66,65,66,67,66,66,66,61,60,60,59,56,56,56,56,56,56,62,60,59,59,59,,,,,,,,
88,Куединский МР,р. Буй ,д. Трегубовка,350,400,80,215,220,210,220,230,225,185,175,160,155,150,165,190,185,170,160,140,125,122,115,130,145,150,155,160,175,170,165,155,145,135,160,165,165,140,120,105,100,103,102,98,95,100,96,95,93,93,88,88,87,88,91,98,98,93,88,90,90,87,86,86,85,85,85,81,80,80,81,81,83,84,85,85,83,83,82,80,81,82,80,80,80,80,78,77,77,77,77,77,77,77,77,77,77,77,77,77,77,,,,,,,,
89,Куединский МР,р. Буй ,д. Куеда ,450,470,430,430,430,430,430,430,430,430,430,430,430,430,430,430,430,430,430,430,430,430,430,430,430,430,430,430,430,430,430,430,430,430,430,430,430,430,430,430,430,430,430,430,430,430,430,430,430,430,430,430,430,430,430,430,430,430,430,430,430,430,430,430,430,430,430,430,430,430,430,430,430,430,430,430,430,430,430,430,430,430,430,430,430,430,430,430,430,430,430,430,430,430,430,430,430,430,430,430,430,,,,,,,,
90,Куединский МР,р. Буй ,д.Вильгурт ,100,130,0,0,0,0,0,0,0,0,0,0,0,0,0,0,0,0,0,0,0,0,0,0,0,0,0,0,0,0,0,0,0,0,0,0,0,0,0,0,0,0,0,0,0,0,0,0,0,0,0,0,0,0,0,0,0,0,0,0,0,0,0,0,0,0,0,0,0,0,0,0,0,0,0,0,0,0,0,0,0,0,0,0,0,0,0,0,0,0,0,0,0,0,0,0,0,0,0,0,0,,,,,,,,
91,Куединский МР,р. Буй ,д. Урталга ,260,295,70,140,163,185,170,190,190,165,130,90,90,80,78,120,130,110,100,90,90,90,50,50,100,100,70,75,75,100,100,90,80,70,70,70,70,68,40,40,70,70,70,70,70,70,40,40,40,40,40,40,40,40,40,40,40,40,40,40,40,40,40,40,40,40,40,40,40,40,40,40,40,40,40,40,40,40,40,40,40,40,40,40,40,40,40,40,40,40,40,40,40,40,40,40,40,40,40,40,40,,,,,,,,
92,Куединский МР,р. Сава,д. Н-Сава,250,290,50,130,130,120,120,130,130,100,90,90,90,80,80,80,85,80,80,75,75,80,80,80,80,80,83,85,85,85,85,82,80,80,83,90,90,86,80,80,76,70,70,70,70,70,70,65,65,65,65,65,65,65,65,67,67,67,67,67,67,67,70,70,70,70,70,70,70,70,65,60,55,55,50,50,50,50,50,50,50,50,50,50,50,50,50,50,50,50,50,50,50,50,50,50,50,50,50,50,50,,,,,,,,
93,Куединский МР,р. Безымянный ,п. Куеда ,200,250,150,153,153,153,153,153,153,153,153,153,153,153,153,153,153,153,153,153,153,153,153,153,153,153,150,150,150,150,150,150,150,150,150,150,150,150,150,150,150,150,150,150,150,150,150,150,150,150,150,150,150,150,150,150,150,150,150,150,150,150,150,150,150,150,150,150,150,150,150,150,150,150,150,150,150,150,150,150,150,150,150,150,150,150,150,150,150,150,150,150,150,150,150,150,150,150,150,150,,,,,,,,,
94,Карагайский МР,р. Обва,с. Карагай,420,500,176,290,300,302,305,305,308,308,308,302,299,296,292,290,288,283,277,269,265,258,255,238,215,226,235,259,268,300,307,308,308,304,299,294,288,282,274,264,251,227,201,191,186,176,169,185,181,178,176,143,140,140,130,125,122,114,113,110,106,103,100,95,96,93,93,93,92,88,86,85,86,95,107,138,164,180,192,198,202,235,235,230,235,174,113,106,102,97,95,91,90,92,93,100,112,131,143,150,154,,,,,,,,
95,Кудымкарский МО,р. Велва,с. Ошиб,590,640,-,425,439,454,465,477,487,495,501,506,509,514,518,523,523,527,526,524,522,519,517,513,507,492,464,425,400,394,403,423,442,461,474,484,490,495,498,501,504,507,507,514,516,521,522,524,526,528,529,528,525,518,517,504,389,323,279,249,234,234,214,209,206,202,199,199,196,193,190,187,183,182,181,183,183,178,177,178,180,186,192,197,200,200,209,208,208,194,188,184,180,178,178,178,179,179,178,176,175,,,,,,,,
96,Ординский МР,"р. Ирень, Межевский мост",д. Межевка,450,510,0,170,170,200,210,240,250,260,260,240,230,180,170,180,200,250,255,245,245,180,150,150,170,195,210,225,230,240,245,230,220,220,210,200,190,170,160,150,150,130,120,90,60,30,0,0,0,0,0,0,0,0,0,0,0,0,0,0,0,0,0,0,0,0,0,0,0,0,0,0,0,0,0,0,0,0,0,0,0,0,0,0,0,0,0,0,0,0,0,0,0,0,0,0,0,0,0,0,0,,,,,,,,
97,Ординский МР,р. Ирень Малоашапский мост,с.М-Ашап,440,500,0,170,170,200,210,240,250,260,260,240,230,180,170,180,200,250,255,245,245,180,150,150,170,195,210,225,230,240,245,230,220,220,210,200,190,170,160,150,150,130,120,90,60,30,0,0,0,0,0,0,0,0,0,0,0,0,0,0,0,0,0,0,0,0,0,0,0,0,0,0,0,0,0,0,0,0,0,0,0,0,0,0,0,0,0,0,0,0,0,0,0,0,0,0,0,0,0,0,0,,,,,,,,
98,Ординский МР,"р. Ирень, Карьевский  мост",с.Карьево,420,490,0,170,170,200,210,240,250,260,260,240,230,180,170,180,200,250,255,245,245,180,150,150,170,195,210,225,230,240,245,230,220,220,210,200,190,170,160,150,150,130,120,90,60,30,0,0,0,0,0,0,0,0,0,0,0,0,0,0,0,0,0,0,0,0,0,0,0,0,0,0,0,0,0,0,0,0,0,0,0,0,0,0,0,0,0,0,0,0,0,0,0,0,0,0,0,0,0,0,0,,,,,,,,
99,Ординский МР,р.Ясыл,д.Андреевка,440,500,0,170,170,200,210,240,250,200,150,100,100,70,70,80,90,100,100,100,100,80,70,70,75,80,80,85,85,90,95,85,80,80,70,70,70,50,40,40,40,30,25,15,10,0,0,0,0,0,0,0,0,0,0,0,0,0,0,0,0,0,0,0,0,0,0,0,0,0,0,0,0,0,0,0,0,0,0,0,0,0,0,0,0,0,0,0,0,0,0,0,0,0,0,0,0,0,0,0,0,,,,,,,,
100,Ординский МР,"р. Ашап, ГТС пруда ""Центральный""",с.Ашап,230,300,0,23,23,23,27,27,27,23,23,20,20,17,17,29,29,23,23,23,15,15,25,25,25,30,30,30,30,30,30,30,30,30,30,30,30,20,15,15,15,15,15,0,0,0,0,0,0,0,0,0,0,0,0,0,0,0,0,0,0,0,0,0,0,0,0,0,0,0,0,0,0,0,0,0,0,0,0,0,0,0,0,0,0,0,0,0,0,0,0,0,0,0,0,0,0,0,0,0,0,,,,,,,,
101,Александровский МО,р. Яйва п. Камень,п. Камень,450,450,0,0,0,0,0,0,0,0,0,0,0,0,0,0,0,0,0,0,0,0,0,0,0,0,0,0,0,0,0,0,0,0,0,0,0,0,0,0,0,0,0,0,0,0,0,0,0,0,0,0,0,0,0,0,0,0,0,0,0,0,0,0,0,0,0,0,0,0,0,0,0,,,,0,0,0,0,0,0,0,0,0,0,0,0,0,0,0,0,0,0,0,0,0,0,0,,,,,,,,,,
102,Александровский МО,р. Яйва п. База,п. База,0,0,0,0,0,0,0,0,0,0,0,0,0,0,0,0,0,0,0,0,0,0,0,0,0,0,0,0,0,0,0,0,0,0,0,0,0,0,0,0,0,0,0,0,0,0,0,0,0,0,0,0,0,0,0,0,0,0,0,0,0,0,0,0,0,0,0,0,0,0,0,0,0,,,,0,0,0,0,0,0,0,0,0,0,0,0,0,0,0,0,0,0,0,0,0,0,0,,,,,,,,,,
103,Чердынский ГО, р. Кама,с. Бондюг,560,700,144,392,374,392,392,398,398,432,432,458,458,570,591,591,585,583,577,565,565,560,512,508,502,493,493,483,483,482,482,490,493,500,500,504,506,505,507,504,505,505,505,507,507,523,525,528,531,546,549,565,567,588,596,610,614,627,631,634,637,637,637,634,631,626,623,613,608,600,590,582,578,564,558,542,538,516,511,489,483,465,452,436,432,409,405,384,379,358,348,330,328,300,294,280,272,244,233,217,210,,,,,,,,
104,Чердынский ГО,р. Кама,п. Керчевский,800,980,362,470,470,470,470,534,534,552,552,510,510,519,520,516,515,583,586,601,602,615,617,620,620,679,679,656,656,638,638,633,633,639,639,654,659,668,668,675,677,680,680,684,684,696,699,719,723,745,750,782,787,820,832,850,859,876,884,895,897,910,910,910,908,907,904,901,899,884,880,868,864,846,835,811,802,788,784,762,756,737,726,709,705,682,678,663,659,648,642,624,620,596,580,558,552,536,520,488,480,,,,,,,,
105,Чердынский ГО,р. Колва,г. Чердынь,700,800,127,207,190,207,207,233,233,255,255,285,285,284,286,278,276,320,320,330,332,338,338,329,329,308,308,294,294,289,289,299,301,329,329,353,359,368,369,384,388,396,396,416,416,464,470,523,529,576,582,622,626,665,673,693,697,707,712,713,715,716,714,707,702,685,675,659,650,634,623,609,606,585,575,564,558,545,533,526,522,501,493,480,475,483,485,489,491,469,461,437,430,403,398,360,355,314,300,273,,,,,,,,,
106,Чердынский ГО,р. Вишера,п. Рябинино,750,900,142,292,267,292,292,315,315,347,347,398,398,352,353,337,335,354,354,373,376,377,379,363,363,334,334,322,322,322,322,342,345,374,374,378,400,411,412,411,412,409,409,425,425,484,486,550,557,626,638,688,695,738,753,773,778,783,788,792,793,793,793,786,779,760,748,726,719,690,666,650,646,621,615,602,597,588,578,574,569,549,539,527,520,539,542,551,555,531,522,501,501,468,460,425,419,375,358,331,325,,,,,,,,
107,Частинский МР,"р.Ножовка, НБ ГТС",с.Ножовка,350,370,-,290,290,290,290,290,290,290,290,290,290,290,290,290,290,290,290,290,290,290,290,290,290,290,290,290,290,290,290,290,290,290,290,290,290,290,290,290,290,290,290,290,290,290,290,290,290,290,290,290,290,290,290,290,290,290,290,290,290,290,290,290,290,290,290,290,290,290,290,290,290,290,290,290,290,290,290,290,290,290,290,290,290,290,290,290,290,290,290,290,290,290,290,290,290,290,290,290,290,,,,,,,,
108,Частинский МР,"р.Ножовка, НБ ГТС",с.Верх-Рождество,350,370,-,295,290,290,290,290,290,290,290,290,290,290,290,290,290,290,290,290,290,290,290,290,290,290,290,290,290,290,290,290,290,290,290,290,290,290,290,290,290,290,290,290,290,290,290,290,290,290,290,290,290,290,290,290,290,290,290,290,290,290,290,290,290,290,290,290,290,290,290,290,290,290,290,290,290,290,290,290,290,290,290,290,290,290,290,290,290,290,290,290,290,290,290,290,290,290,290,290,290,,,,,,,,
109,ЗАТО Звездный  ,ГТС,ЗАТО Звёздный,70,110,,-10,0,-10,-10,0,5,-20,-5,20,15,15,20,30,25,10,-10,-5,5,20,20,35,40,30,35,25,25,15,10,10,10,-10,-10,0,0,-10,10,10,10,10,10,10,10,10,10,10,10,10,10,10,10,10,10,10,5,5,5,5,5,5,5,5,5,0,0,0,0,0,0,0,0,0,40,40,30,20,20,15,10,10,10,10,8,8,5,0,0,0,0,0,0,-10,-5,0,0,0,0,0,0,,,,,,,,
110,Сивинский МО,ГТС  Сива ,с. Сива,125,140,45,65,70,70,70,70,70,70,70,70,65,55,55,60,60,70,75,75,75,75,60,50,50,70,75,85,90,90,90,90,90,87,89,82,80,70,55,65,36,30,30,30,45,45,45,45,45,48,48,48,48,30,20,20,20,10,10,10,10,10,10,10,10,40,40,20,20,20,20,20,20,20,35,50,60,70,70,70,70,70,60,60,60,60,50,40,40,40,30,30,30,20,20,40,40,55,55,60,55,,,,,,,,
111,Сивинский МО,ГТС   Буб ,с. Буб ,80,120,20,30,30,35,30,30,25,35,30,30,25,20,20,20,30,30,30,25,30,35,35,40,35,45,45,35,30,35,35,35,30,30,30,25,20,20,15,15,15,15,10,10,10,5,5,5,5,5,5,5,5,5,5,5,5,5,5,5,5,5,5,5,5,5,5,0,0,0,0,0,0,5,10,10,10,10,10,30,30,25,20,15,15,15,15,10,10,10,10,10,10,15,15,15,15,10,10,5,5,,,,,,,,
112,Сивинский МО,ГТС Сев. Коммунар ,п. Северный-Коммунар,160,166,40,45,45,47,47,45,45,40,40,35,35,35,40,45,45,35,35,30,30,30,30,45,50,50,45,45,45,40,40,35,35,40,35,35,30,30,30,25,25,25,25,20,20,20,20,20,20,15,15,15,15,15,15,15,15,15,15,15,15,15,15,15,15,15,15,15,15,15,15,15,10,15,20,20,30,25,25,25,25,15,15,15,15,15,15,15,15,15,10,10,10,10,10,10,10,10,10,10,10,,,,,,,,
113,Сивинский МО,р. Обва ,с. Кизьва ,290,360,80,224,230,240,245,260,270,270,263,255,250,240,235,230,225,220,220,210,210,160,150,140,165,185,195,205,225,235,230,245,250,260,263,262,260,245,235,180,165,145,150,160,165,160,155,130,130,95,85,55,55,50,50,45,45,45,40,40,40,40,40,40,40,30,30,20,20,0,0,0,0,0,10,15,55,60,80,90,90,80,50,50,40,40,40,20,20,20,0,0,0,10,40,70,70,120,120,40,40,,,,,,,,
114,Пермский МР,ГТС п.Юг,п.Юг,70,100,0,24,5,2,17,24,-3,2,0,-5,4,16,20,28,5,-10,-5,-20,9,18,18,30,16,28,12,22,10,5,15,8,-10,0,0,3,11,8,5,4,3,8,8,10,10,10,10,8,8,8,8,7,7,5,6,8,8,8,6,6,5,5,7,10,10,8,8,8,8,8,8,8,8,10,70,40,35,22,17,17,12,16,12,8,8,6,6,6,0,0,0,-5,-6,6,10,10,10,9,9,9,9,,,,,,,,
115,Пермский МР,р.Качка,д. Качка,70,100,0,10,5,-10,-5,45,60,0,-20,-20,-20,-20,-20,-20,-20,-40,-40,-40,-60,-60,-60,-70,-70,-70,-70,-70,-70,-70,-70,-70,-60,-60,-50,-50,-60,-60,-60,-70,-100,-100,-100,-100,-100,-100,-100,-100,-100,-100,-100,-100,-100,-100,-100,-100,-100,-100,-100,-100,-100,-100,-100,-100,-100,-100,-100,-100,-100,-100,-100,-100,-100,-100,,45,60,-25,-30,-50,-60,-50,-60,-60,-80,-100,-100,-100,-100,-100,-100,-100,-100,-100,-100,-100,-150,-150,-150,-150,-150,,,,,,,,
116,Гремячинский ГО,р.Усьва,пос.Усьва,240,260,,40,60,60,70,75,80,80,80,80,80,80,100,100,140,150,130,125,100,110,80,80,100,100,140,140,140,160,160,160,160,160,140,140,140,130,100,100,120,120,160,180,220,240,220,210,240,240,230,220,200,200,180,170,170,170,160,150,120,120,120,120,80,80,80,55,55,55,55,55,55,55,55,55,55,55,55,55,55,55,55,55,55,55,55,55,55,55,55,55,55,55,55,55,55,55,55,55,55,,,,,,,,
117,Гремячинский ГО,р.Вильва,г.Гремячинск,240,300,,190,140,140,170,162,162,50,50,50,45,50,60,95,100,80,80,55,50,40,42,45,40,35,60,65,60,70,80,72,75,80,70,60,55,50,48,50,50,75,95,110,135,130,145,135,145,130,135,115,110,80,80,70,75,60,62,40,40,30,30,10,10,10,10,0,0,0,0,0,0,0,0,0,0,0,0,0,0,0,0,0,0,0,0,0,0,0,0,0,0,0,0,0,0,0,0,0,0,,,,,,,,